<?xml version="1.0" encoding="UTF-8"?>
<!DOCTYPE log4j:configuration SYSTEM "log4j.dtd" >
<log4j:configuration debug="true">
    <appender name="le" class="com.logentries.log4j.LogentriesAppender">
        <param name="Token" value="8e51f77c-9372-4a35-ad14-67ba6689cf59"/> <!-- de165910-316e-426b-a35d-2484873daaec --> <!-- 489efb46-9ba5-462a-95f7-7903bf74edd6 -->
        <param name="Ssl" value="false"/>
        <layout class="org.apache.log4j.PatternLayout">
            <param name="ConversionPattern" value="%d{EEE MMM dd HH:mm:ss ZZZ yyyy}, %-5p: %m"/>
        </layout>
    </appender>
    <logger name="example">
        <level value="debug"/>
    </logger>
    <root>
        <priority value="debug"/>
        <appender-ref ref="le"/>
    </root>
</log4j:configuration>