{
  "default": {
    "share": {
      "file": false,
      "folder": false,
      "publicLink": false,
      "fileUpdatePermissions": true,
      "folderUpdatePermissions": true,
      "revokeAccessOwnFile": false,
      "revokeAccessOthersFile": false,
      "revokeAccessOwnFolder": false,
      "revokeAccessOthersFolder": false
    },
    "clone": {
      "file": true,
      "folder": false
    },
    "move": {
      "file": true,
      "folder": true
    },
    "open": {
      "drawingMimeTypeFilter": false
    },
    "trash": {
      "isAvailable": true,
      "erase": true,
      "eraseAll": true,
      "restore": true
    }
  },
  "GDRIVE": {
    "share": {
      "file": true,
      "folder": true,
      "publicLink": true,
      "revokeAccessOwnFile": true,
      "revokeAccessOthersFile": true,
      "revokeAccessOwnFolder": true,
      "revokeAccessOthersFolder": true
    }
  },
  "SAMPLES": {
    "share": {
      "file": true,
      "folder": true,
      "publicLink": true,
      "revokeAccessOwnFile": true,
      "revokeAccessOthersFile": true,
      "revokeAccessOwnFolder": true,
      "revokeAccessOthersFolder": true
    },
    "clone": {
      "file": true,
      "folder": true
    }
  },
  "DROPBOX": {
    "share": {
      "file": true,
      "folder": true,
      "publicLink": true,
      "revokeAccessOwnFile": true,
      "revokeAccessOthersFile": true,
      "revokeAccessOwnFolder": true,
      "revokeAccessOthersFolder": true
    },
    "trash": {
      "isAvailable": false,
      "erase": false,
      "eraseAll": false,
      "restore": true
    },
    "clone": {
      "file": true,
      "folder": true
    }
  },
  "ONSHAPE": {
    "share": {
      "file": false,
      "folder": true,
      "publicLink": true,
      "revokeAccessOwnFile": false,
      "revokeAccessOthersFile": false,
      "revokeAccessOwnFolder": true,
      "revokeAccessOthersFolder": true
    },
    "clone": {
      "file": false,
      "folder": false
    },
    "open": {
      "drawingMimeTypeFilter": "onshape-app/drawing"
    },
    "trash": {
      "isAvailable": true,
      "erase": false,
      "eraseAll": false,
      "restore": true
    }
  },
  "ONSHAPESTAGING": {
    "share": {
      "file": false,
      "folder": true,
      "publicLink": true,
      "revokeAccessOwnFile": false,
      "revokeAccessOthersFile": false,
      "revokeAccessOwnFolder": true,
      "revokeAccessOthersFolder": true
    },
    "clone": {
      "file": false,
      "folder": false
    },
    "open": {
      "drawingMimeTypeFilter": "onshape-app/drawing"
    },
    "trash": {
      "isAvailable": true,
      "erase": false,
      "eraseAll": false,
      "restore": true
    }
  },
  "ONSHAPEDEV": {
    "share": {
      "file": false,
      "folder": true,
      "publicLink": true,
      "revokeAccessOwnFile": false,
      "revokeAccessOthersFile": false,
      "revokeAccessOwnFolder": true,
      "revokeAccessOthersFolder": true
    },
    "clone": {
      "file": false,
      "folder": false
    },
    "open": {
      "drawingMimeTypeFilter": "onshape-app/drawing"
    },
    "trash": {
      "isAvailable": true,
      "erase": false,
      "eraseAll": false,
      "restore": true
    }
  },
  "ONEDRIVE": {
    "share": {
      "file": true,
      "folder": true,
      "publicLink": true,
      "revokeAccessOwnFile": true,
      "revokeAccessOthersFile": true,
      "revokeAccessOwnFolder": true,
      "revokeAccessOthersFolder": true
    },
    "clone": {
      "file": true,
      "folder": true
    },
    "trash": {
      "isAvailable": true,
      "erase": false,
      "eraseAll": false,
      "restore": true
    }
  },
  "ONEDRIVEBUSINESS": {
    "share": {
      "file": true,
      "folder": true,
      "publicLink": true,
      "revokeAccessOwnFile": true,
      "revokeAccessOthersFile": true,
      "revokeAccessOwnFolder": true,
      "revokeAccessOthersFolder": true
    },
    "clone": {
      "file": true,
      "folder": true
    },
    "trash": {
      "isAvailable": false,
      "erase": false,
      "eraseAll": false,
      "restore": false
    }
  },
  "SHAREPOINT": {
    "share": {
      "file": true,
      "folder": true,
      "publicLink": true,
      "revokeAccessOwnFile": true,
      "revokeAccessOthersFile": true,
      "revokeAccessOwnFolder": true,
      "revokeAccessOthersFolder": true
    },
    "clone": {
      "file": true,
      "folder": true
    },
    "trash": {
      "isAvailable": false,
      "erase": false,
      "eraseAll": false,
      "restore": false
    }
  },
  "WEBDAV": {
    "share": {
      "file": false,
      "folder": false,
      "publicLink": false,
      "fileUpdatePermissions": false,
      "folderUpdatePermissions": false
    },
    "clone": {
      "file": true,
      "folder": true
    },
    "trash": {
      "isAvailable": false,
      "erase": false,
      "eraseAll": false,
      "restore": false
    }
  },
  "NEXTCLOUD": {
    "share": {
      "file": true,
      "folder": true,
      "publicLink": true,
      "fileUpdatePermissions": false,
      "folderUpdatePermissions": false,
      "revokeAccessOwnFile": true,
      "revokeAccessOthersFile": true,
      "revokeAccessOwnFolder": true,
      "revokeAccessOthersFolder": true
    },
    "clone": {
      "file": true,
      "folder": true
    },
    "trash": {
      "isAvailable": false,
      "erase": false,
      "eraseAll": false,
      "restore": false
    }
  },
  "BOX": {
    "clone": {
      "file": true,
      "folder": true
    },
    "share": {
      "file": true,
      "folder": true,
      "publicLink": true,
      "fileUpdatePermissions": true,
      "revokeAccessOwnFile": true,
      "revokeAccessOthersFile": true,
      "revokeAccessOwnFolder": true,
      "revokeAccessOthersFolder": true
    },
    "trash": {
      "isAvailable": true,
      "erase": true,
      "eraseAll": false,
      "restore": true
    }
  },
  "TRIMBLE": {
    "share": {
      "file": false,
      "folder": true,
      "publicLink": true,
      "fileUpdatePermissions": false,
      "revokeAccessOthersFolder": true
    },
    "clone": {
      "file": false,
      "folder": false
    },
    "trash": {
      "isAvailable": false,
      "erase": false,
      "eraseAll": false,
      "restore": false
    }
  },
  "HANCOM": {
    "share": {
      "file": true,
      "folder": true,
      "publicLink": true,
      "revokeAccessOwnFile": true,
      "revokeAccessOthersFile": true,
      "revokeAccessOwnFolder": true,
      "revokeAccessOthersFolder": true
    },
    "clone": {
      "file": false,
      "folder": false
    },
    "move": {
      "file": false,
      "folder": false
    }
  },
  "HANCOMSTG": {
    "share": {
      "file": true,
      "folder": true,
      "publicLink": true,
      "revokeAccessOwnFile": true,
      "revokeAccessOthersFile": true,
      "revokeAccessOwnFolder": true,
      "revokeAccessOthersFolder": true
    },
    "clone": {
      "file": false,
      "folder": false
    },
    "move": {
      "file": false,
      "folder": false
    }
  }
}